nct_id,target
NCT06669572,PD-1
NCT06669572,FGFR1
NCT06669572,FGFR2
NCT06669572,FGFR3
NCT06669572,FGFR4
NCT06669572,PDGFRα
NCT06669572,c-Kit
NCT06669572,RET
NCT06669572,VEGFR1
NCT06669572,VEGFR2
NCT06669572,VEGFR3
NCT06883552,PD-1
NCT06835387,GR
NCT06835387,DNA
NCT06835387,TYMS
NCT06896188,PD-1
NCT06896188,DNA
NCT06896188,TOP1
NCT06896188,TYMS
NCT06896188,GSK-3β
NCT06822972,XPO1
NCT06906562,FGFR1
NCT06906562,FGFR2
NCT06906562,FGFR3
NCT06328036,PDL1
NCT06328036,TIGIT
NCT06066138,PDL1
NCT06908031,PD-1
NCT06908031,EGFR
NCT06908031,VEGF-A
NCT06912152,DNA polymerase III
NCT06912152,RNR
NCT06912152,RNA polymerase II
NCT06912152,DNA
NCT06912152,B7H3
NCT05903833,PD-1
NCT05903833,FGFR1
NCT05903833,FGFR2
NCT05903833,FGFR3
NCT05903833,FGFR4
NCT05903833,PDGFRα
NCT05903833,c-Kit
NCT05903833,RET
NCT05903833,VEGFR1
NCT05903833,VEGFR2
NCT05903833,VEGFR3
NCT06364267,ER
NCT06364267,aromatase
NCT06508931,CD19
NCT06508931,CD20
NCT06517017,CD38
NCT06517017,GR
NCT06517017,IFNγ
NCT06517017,CK1α
NCT06517017,CRBN
NCT06517017,IKZF1
NCT06517017,IL-2
NCT06517017,IL-6
NCT06517017,TNF-α
NCT06517017,IKZF3
NCT06887803,PI3Kδ
NCT06887803,JAK1
NCT06887803,JAK2
NCT06882746,NCR3LG1
NCT06882746,CD3
NCT06682637,DNA
NCT06682637,GR
NCT06914128,PRMT5
NCT06728072,Bacterial DNA gyrase
NCT06728072,COX
NCT06834672,TOP1
NCT06834672,HER2
NCT06834672,TUBB1
NCT06834672,DNA
NCT06834672,RNR
NCT06834672,TOP2
NCT06856200,mTOR
NCT06856200,CDK4
NCT06856200,CDK6
NCT06856200,ER
NCT06801730,VEGF-A
NCT06851247,PD-1
NCT06851247,c-Kit
NCT06851247,VEGFR1
NCT06851247,VEGFR2
NCT06851247,VEGFR3
NCT06851247,DNA
NCT06851247,RNR
NCT06352866,IL-6
NCT06352866,BCMA
NCT06352866,CD3
NCT06744894,XPO1
NCT06744894,Proteasome
NCT06744894,IFNγ
NCT06744894,CK1α
NCT06744894,CRBN
NCT06744894,IKZF1
NCT06744894,IL-2
NCT06744894,IL-6
NCT06744894,TNF-α
NCT06744894,IKZF3
NCT06720324,DNA polymerase III
NCT06720324,RNR
NCT06720324,RNA polymerase II
NCT06720324,DNA
NCT06735131,PD-1
NCT06735131,TUBB1
NCT06735131,DNA
NCT06735131,RNR
NCT06730932,BTLA
NCT06730932,PD-1
NCT06667908,PDL1
NCT06667908,DNA
NCT06667908,TUBB1
NCT06700395,GPRC5D
NCT06700395,CD3
NCT06749886,RANKL
NCT06749886,PD-1
NCT06749886,TUBB1
NCT06171685,BCMA
NCT06171685,CD3
NCT06682611,CSF-1R
NCT06682611,VEGFR
NCT06682611,PD-1
NCT06682611,Tubulin
NCT06682611,DNA
NCT06682611,TUBB1
NCT06682611,TOP2
NCT06682611,mTORC1
NCT06682611,mTORC2
NCT06682611,Abl
NCT06682611,BRAF V600E
NCT06682611,EphA2
NCT06682611,FGFR1
NCT06682611,FGFR2
NCT06682611,TRKA
NCT06682611,PDGFRα
NCT06682611,PDGFRβ
NCT06682611,Raf kinase
NCT06682611,BRAF
NCT06682611,c-Kit
NCT06682611,Tie-2
NCT06682611,RET
NCT06682611,VEGFR1
NCT06682611,VEGFR2
NCT06682611,VEGFR3
NCT06682611,DDR2
NCT06682611,FRK
NCT06682611,MAPK11
NCT06647563,PD-1
NCT06647563,EGFR
NCT06647563,TUBB1
NCT06647563,DNA
NCT06673693,PD-1
NCT06217536,DNA
NCT06490536,DNA
NCT06490536,TYMS
NCT06490536,TOP1
NCT06490536,PD-1
NCT06490536,CTLA4
NCT06490536,HER2
NCT06490536,EGFR
NCT06253637,CD38
NCT06578286,Beta-tubulin 
NCT06578286,HER2
NCT06519370,TOP1
NCT06519370,TROP2
NCT06519370,TUBB1
NCT06519370,TYMS
NCT06519370,DNA
NCT06519370,RNR
NCT06416410,KRAS G12C
NCT06416410,PD-1
NCT06416410,SHP2
NCT06416410,DHFR
NCT06416410,GART
NCT06416410,TYMS
NCT06416410,DNA
NCT06549595,CD19
NCT06549595,CD3
NCT06549595,CD20
NCT06549595,DNA
NCT06549595,TOP2
NCT06549595,TUBB1
NCT06549595,GR
NCT06509568,DNA
NCT06509568,PD-1
NCT06080165,mTOR
NCT06525948,CaN
NCT06444412,PSMA
NCT06562920,PDL1
NCT05901194,FGFR1
NCT05901194,FGFR2
NCT05901194,FGFR3
NCT05901194,FGFR4
NCT05901194,PDGFRα
NCT05901194,c-Kit
NCT05901194,RET
NCT05901194,VEGFR1
NCT05901194,VEGFR2
NCT05901194,VEGFR3
NCT06734182,PDL1
NCT06734182,Beta-tubulin 
NCT06734182,HER2
NCT06734182,DNA
NCT06422156,EGFR
NCT06422156,DNA
NCT06422156,RNR
NCT06422156,TYMS
NCT06881537,TYMS
NCT06881537,DNA
NCT06881537,VEGF-A
NCT06881537,PD-1
NCT06408194,CD19
NCT06300320,ROCK1
NCT06300320,ROCK2
NCT06300320,JAK1
NCT06300320,JAK2
NCT06255379,VEGFR1
NCT06255379,VEGFR2
NCT06255379,VEGFR3
NCT06255379,TYMS
NCT06358638,CD38
NCT06358638,CD52
NCT06358638,mTOR
NCT06494514,C5
NCT06494514,DNA
NCT06494514,TYMS
NCT06494514,RNR
NCT06297226,GPRC5D
NCT06432296,EpCAM
NCT06432296,CD3
NCT06099366,TUBB1
NCT06099366,ASN
NCT06099366,GR
NCT06099366,HPRT1
NCT06099366,DNA
NCT06099366,DNA-directed DNA polymerase
NCT06099366,DHFR
NCT06099366,TOP2
NCT05679921,PD-1
NCT05679921,PDGFRα
NCT05679921,PDGFRβ
NCT05679921,c-Kit
NCT05679921,VEGFR1
NCT05679921,VEGFR2
NCT05679921,VEGFR3
NCT06329999,TOP2
NCT06329999,DNA-directed DNA polymerase
NCT06329999,CSF-3R
NCT06329999,TUBB1
NCT06208462,PDL1
NCT06208462,FGFR1
NCT06208462,FGFR2
NCT06208462,FGFR3
NCT06208462,FGFR4
NCT06208462,PDGFRα
NCT06208462,c-Kit
NCT06208462,RET
NCT06208462,VEGFR1
NCT06208462,VEGFR2
NCT06208462,VEGFR3
NCT06208462,DNA
NCT06208462,RNR
NCT05967182,PD-1
NCT05967182,DNA
NCT05967182,RNR
NCT06077760,PD-1
NCT06017323,DNA
NCT06017323,RNR
NCT06017323,TUBB1
NCT06017323,CCK receptor
NCT06109207,PD-1
NCT06109207,CDK4
NCT06109207,CDK6
NCT06081595,PARP
NCT06081595,SRC
NCT06081595,c-Kit
NCT06081595,VEGFR2
NCT06109064,Bcl-2
NCT06109064,DNMT1
NCT06109064,DNMT3A
NCT06109064,DNMT3B
NCT06008119,MEK1
NCT06008119,MEK2
NCT06008119,BRAF V600E
NCT06008119,VEGF-A
NCT06008119,EGFR
NCT06321887,Fe
NCT05863195,VEGF-A
NCT05863195,EGFR
NCT05863195,TYMS
NCT05863195,UL30
NCT05863195,TOP1
NCT05863195,DNA
NCT05318469,GluCls
NCT05318469,PD-1
NCT05888844,PDL1
NCT06092957,DNA
NCT06092957,PD-1
NCT06092957,PDL1
NCT06045689,TGF-β
NCT06015568,c-Met
NCT06015568,EGFR
NCT06020833,HIF-PHs
NCT06020833,RARs
NCT06809426,PSMA
NCT03529448,CB
NCT03529448,DNA
NCT05907304,CRAF
NCT05907304,BRAF
NCT05907304,MEK1
NCT05907304,MEK2
NCT05453396,CD19
NCT05453396,DNA
NCT05553041,KLK3
NCT06041425,Opioid receptors
NCT05770531,TOP1
NCT05770531,TROP2
NCT05954312,KEAP1
NCT05777278,c-Met
NCT05777278,TUBB1
NCT05850234,BCMA
NCT05850234,CD19
NCT05961696,CD20
NCT05961696,CD3
NCT05751265,PD-1
NCT05751265,TYMS
NCT05751265,TUBB1
NCT05443425,FABP6
NCT05443425,DHODH
NCT05812807,PD-1
NCT05926960,BRAF
NCT05926960,MEK1
NCT05926960,MEK2
NCT05926960,PD-1
NCT05926960,CTLA4
NCT05894837,PD-1
NCT05894837,Abl
NCT05894837,BRAF V600E
NCT05894837,CSF-1R
NCT05894837,EphA2
NCT05894837,FGFR1
NCT05894837,FGFR2
NCT05894837,TRKA
NCT05894837,PDGFRα
NCT05894837,PDGFRβ
NCT05894837,Raf kinase
NCT05894837,BRAF
NCT05894837,c-Kit
NCT05894837,Tie-2
NCT05894837,RET
NCT05894837,VEGFR1
NCT05894837,VEGFR2
NCT05894837,VEGFR3
NCT05894837,DDR2
NCT05894837,FRK
NCT05894837,MAPK11
NCT05400902,DNA
NCT05400902,TYMS
NCT05400902,PD-1
NCT05400902,VEGF-A
NCT05885464,CD7
NCT05976997,PI3Kδ
NCT05976997,PI3Kγ
NCT05976997,HDAC
NCT05716516,ER
NCT05848999,MSLN
NCT05843448,IDO1
NCT05843448,PDL1
NCT05843448,PD-1
NCT05701709,TOP1
NCT05701709,NECTIN4
NCT05371054,Bcl-2
NCT05371054,CDK9
NCT05371054,GR
NCT05661591,EZH2
NCT05661591,CYP51A1
NCT05715398,SHP2
NCT05715398,c-Kit
NCT05715398,VEGFR1
NCT05715398,VEGFR2
NCT05715398,VEGFR3
NCT05675813,DNA
NCT05675813,TOP2
NCT05675813,TUBB1
NCT05675813,GR
NCT05675813,DNMT1
NCT05675813,XPO1
NCT05675813,PI3Kδ
NCT05675813,PI3Kγ
NCT05675813,PD-1
NCT05675813,HDAC
NCT05716113,CD7
NCT05722795,BCR-ABL1
NCT05722795,PDGFRβ
NCT05722795,c-Kit
NCT05870995,RNR
NCT05870995,DNA-directed DNA polymerase
NCT05870995,TOP2
NCT05870995,Bcl-2
NCT05870995,DNA polymerase III
NCT05870995,RNA polymerase II
NCT05870995,DNA
NCT05679258,CD38
NCT05608785,PD-1
NCT05608785,HER2
NCT05608785,DNA
NCT05608785,TYMS
NCT05608785,CLDN18.2
NCT05608785,PDL1
NCT05608785,c-Kit
NCT05608785,VEGFR1
NCT05608785,VEGFR2
NCT05608785,VEGFR3
NCT05668767,CSF-1R
NCT05668767,FGFR1
NCT05668767,VEGFR
NCT05668767,PDL1
NCT05668767,TOP2
NCT05668767,DNA
NCT05669807,PD-1
NCT05669807,TUBB1
NCT05669807,TOP1
NCT05990998,SSTR
NCT05990998,FAP
NCT05198843,BCR-ABL1
NCT05198843,EphA2
NCT05198843,FYN
NCT05208762,Beta-tubulin 
NCT05208762,PDL1
NCT05208762,PD-1
NCT05425862,G4
NCT05425862,PARP1
NCT05425862,PARP2
NCT04892277,DNA
NCT04892277,DNA polymerase III
NCT04892277,RNR
NCT04892277,RNA polymerase II
NCT05521412,PSMA
NCT05489731,NTRK
NCT05489731,Aurora A
NCT05285358,DNA
NCT05285358,RNR
NCT05285358,TUBB1
NCT05779514,GP IIb/IIIa
NCT05111574,PD-1
NCT05491512,DNA
NCT05491512,TYMS
NCT05491512,TUBB1
NCT06469138,AXL
NCT05463601,CSF-3R
NCT05463601,CDK4
NCT05463601,CDK6
NCT05463601,aromatase
NCT05463601,ER
NCT05406466,PD-1
NCT05406466,FGFR1
NCT05406466,FGFR2
NCT05406466,FGFR3
NCT05406466,FGFR4
NCT05406466,PDGFRα
NCT05406466,c-Kit
NCT05406466,RET
NCT05406466,VEGFR1
NCT05406466,VEGFR2
NCT05406466,VEGFR3
NCT05465343,EGFR T790M
NCT05480865,SHP2
NCT05480865,KRAS G12C
NCT04978727,survivin
NCT04978727,CSF-2R
NCT05186545,CSF-1R
NCT05186545,FGFR1
NCT05186545,VEGFR
NCT05186545,ER
NCT05186545,HDAC
NCT05381038,DNMT1
NCT05381038,TUBB1
NCT05381038,TOP1
NCT05429398,PI3Kδ
NCT05429398,PD-1
NCT04655391,DNMT1
NCT04655391,DNMT3A
NCT04655391,DNMT3B
NCT04655391,IDH1
NCT04655391,Bcl-2
NCT05600309,LAG3
NCT05600309,PD-1
NCT05600309,Abl
NCT05600309,BRAF V600E
NCT05600309,CSF-1R
NCT05600309,EphA2
NCT05600309,FGFR1
NCT05600309,FGFR2
NCT05600309,TRKA
NCT05600309,PDGFRα
NCT05600309,PDGFRβ
NCT05600309,Raf kinase
NCT05600309,BRAF
NCT05600309,c-Kit
NCT05600309,Tie-2
NCT05600309,RET
NCT05600309,VEGFR1
NCT05600309,VEGFR2
NCT05600309,VEGFR3
NCT05600309,DDR2
NCT05600309,FRK
NCT05600309,MAPK11
NCT05600309,TYMP
NCT05600309,TYMS
NCT05389293,CD20
NCT05389293,CD3
NCT05389293,BTK
NCT05393804,BCMA
NCT05479812,IL-2
NCT05479812,PD-1
NCT05055063,Beta-tubulin 
NCT05055063,BCMA
NCT05135715,Beta-tubulin 
NCT05135715,HER2
NCT05198934,KRAS G12C
NCT05198934,EGFR
NCT05198934,DNA-directed DNA polymerase
NCT05198934,TYMP
NCT05198934,TYMS
NCT05198934,Abl
NCT05198934,BRAF V600E
NCT05198934,CSF-1R
NCT05198934,EphA2
NCT05198934,FGFR1
NCT05198934,FGFR2
NCT05198934,TRKA
NCT05198934,PDGFRα
NCT05198934,PDGFRβ
NCT05198934,Raf kinase
NCT05198934,BRAF
NCT05198934,c-Kit
NCT05198934,Tie-2
NCT05198934,RET
NCT05198934,VEGFR1
NCT05198934,VEGFR2
NCT05198934,VEGFR3
NCT05198934,DDR2
NCT05198934,FRK
NCT05198934,MAPK11
NCT05327582,PDL1
NCT05327582,FGFR1
NCT05327582,FGFR2
NCT05327582,FGFR3
NCT05327582,FGFR4
NCT05327582,PDGFRα
NCT05327582,c-Kit
NCT05327582,RET
NCT05327582,VEGFR1
NCT05327582,VEGFR2
NCT05327582,VEGFR3
NCT05327582,TUBB1
NCT04826016,CXCR4
NCT04826016,TUBB1
NCT05315700,EGFR
NCT05315700,HER2
NCT05081193,AR
NCT05231850,PD-1
NCT05296772,IL-21
NCT05296772,IL-21R
NCT05296772,PD-1
NCT05302921,PD-1
NCT05302921,CTLA4
NCT05636566,GABAA receptor
NCT05636566,ADRA2
NCT05204628,ALK
NCT05204628,ROS1
NCT05204628,c-Met
NCT05204628,MST1R
NCT04119830,PD-1
NCT04119830,TLR3
NCT05239182,GSK-3β
NCT05239182,PD-1
NCT05239182,DNA
NCT05239182,RNR
NCT05239182,TUBB1
NCT04965077,CD40
NCT05305859,Bcl-2
NCT05305859,HDAC
NCT05305859,DNMT1
NCT05111366,PDL1
NCT04956276,SOD1
NCT05796089,TOP2
NCT05796089,DNA
NCT05796089,PDL1
NCT05183958,PD-1
NCT05067283,KRAS G12C
NCT05067283,PD-1
NCT05067283,DNA
NCT05067283,DHFR
NCT05067283,GART
NCT05067283,TYMS
NCT05067283,EGFR
NCT05078671,PARP1
NCT05078671,PARP2
NCT05078671,PARP3
NCT05078671,CYP3A4
NCT05078671,CYP3A5
NCT05078671,CYP3A7
NCT05170334,MEK1
NCT05170334,MEK2
NCT05170334,HDAC
NCT04372927,DNA
NCT04372927,PDL1
NCT04372927,TOP2
NCT04372927,DHFR
NCT04372927,GART
NCT04372927,TYMS
NCT05155189,FGFR1
NCT05155189,FGFR2
NCT05155189,FGFR3
NCT05155189,FGFR4
NCT05155189,PDGFRα
NCT05155189,c-Kit
NCT05155189,RET
NCT05155189,VEGFR1
NCT05155189,VEGFR2
NCT05155189,VEGFR3
NCT04837196,WT1
NCT04837196,PD-1
NCT05114720,Bacterial DNA gyrase
NCT05114720,Topoisomerase IV
NCT05114720,TUBB1
NCT05114720,DNA
NCT05114720,TOP2
NCT05001347,CD73
NCT04999540,HDAC
NCT04999540,ER
NCT05627778,PSMA
NCT04337177,TOP1
NCT04337177,DNA
NCT04891809,CD38
NCT04891809,IFNγ
NCT04891809,CK1α
NCT04891809,CRBN
NCT04891809,IKZF1
NCT04891809,IL-2
NCT04891809,IL-6
NCT04891809,TNF-α
NCT04891809,IKZF3
NCT04891809,GR
NCT05061537,PD-1
NCT05083481,DGKζ
NCT05083481,PD-1
NCT05008224,PD-1
NCT05008224,TOP2
NCT05008224,TUBB1
NCT05008224,DNA
NCT05008224,GR
NCT04933903,CTLA4
NCT04933903,PD-1
NCT04982900,EGFR T790M
NCT04985851,PDL1
NCT04985851,c-Kit
NCT04985851,VEGFR1
NCT04985851,VEGFR2
NCT04985851,VEGFR3
NCT04003896,CDK4
NCT04003896,CDK6
NCT05017012,PD-1
NCT05017012,DHFR
NCT05017012,GART
NCT05017012,TYMS
NCT05017012,DNA
NCT05017012,TUBB1
NCT05017012,Protein-tyrosine kinases
NCT05017012,VEGFR1
NCT05017012,VEGFR2
NCT05017012,VEGFR3
NCT05039931,CD3ε
NCT05039931,ROR1
NCT05039931,PDL1
NCT05039931,4-1BB
NCT05002270,KRAS G12C
NCT05002270,EGFR
NCT05103891,MEK1
NCT05103891,MEK2
NCT05078138,EPO receptor
NCT04826107,Beta-tubulin 
NCT04826107,HER2
NCT04955886,CSF-1R
NCT04955886,FGFR1
NCT04955886,VEGFR
NCT04955886,PD-1
NCT04807166,c-Kit
NCT04807166,VEGFR1
NCT04807166,VEGFR2
NCT04807166,VEGFR3
NCT04807166,TUBB1
NCT04807166,DNA
NCT04877613,DNA polymerase III
NCT04877613,RNR
NCT04877613,RNA polymerase II
NCT04877613,DNA
NCT05075122,PD-1
NCT05075122,CSF-2R
NCT04517227,PDL1
NCT04924101,PD-1
NCT04924101,LILRB2
NCT04924101,CD27
NCT04924101,FGFR1
NCT04924101,FGFR2
NCT04924101,FGFR3
NCT04924101,FGFR4
NCT04924101,PDGFRα
NCT04924101,c-Kit
NCT04924101,RET
NCT04924101,VEGFR1
NCT04924101,VEGFR2
NCT04924101,VEGFR3
NCT04924101,TOP2
NCT04924101,DNA
NCT04898634,KLK2
NCT04898634,CD3
NCT04906395,ER
NCT04906395,aromatase
NCT04937972,PDL1
NCT04937972,TGFBR2
NCT04937972,PARP
NCT04946890,MerTK
NCT04946890,FLT3
NCT04961788,PD-1
NCT04961788,DNA
NCT04961788,RNR
NCT04846920,HIF-2α
NCT04808570,PI3Kα
NCT04808570,PI3Kδ
NCT04717531,EGFR
NCT04717531,HER2
NCT04717531,HER4
NCT04717531,TUBB1
NCT04717531,DNA
NCT04717531,TOP2
NCT04938297,CD20
NCT04938297,IFNγ
NCT04938297,CK1α
NCT04938297,CRBN
NCT04938297,IKZF1
NCT04938297,IL-2
NCT04938297,IL-6
NCT04938297,TNF-α
NCT04938297,IKZF3
NCT04938297,BTK
NCT04902885,CDK4
NCT04902885,CDK6
NCT04902885,DNA
NCT04902885,TOP2
NCT04902885,TOP1
NCT06669013,GD2
NCT05893654,DNA
NCT04912765,PD-1
NCT04868747,SCN1A
NCT04954001,MEK1
NCT04954001,MEK2
NCT04649476,PD-1
NCT04649476,TUBB1
NCT04649476,DNA
NCT04649476,TYMS
NCT04965155,CD38
NCT04965155,GR
NCT04731467,CEACAM1
NCT04731467,PD-1
NCT04731467,TUBB1
NCT04731467,DNA
NCT04731467,RNR
NCT04731467,C5
NCT04731467,TYMS
NCT04749394,PD-1
NCT04749394,SRC
NCT04749394,c-Kit
NCT04749394,VEGFR2
NCT04923529,TYMP
NCT04923529,TYMS
NCT04721015,Bcl-XL
NCT04721015,EGFR
NCT04721015,TUBB1
NCT04721015,EGFR L858R
NCT04721015,EGFR-Ex19del
NCT04721015,EGFR T790M
NCT04709731,BCR-ABL1
NCT04709731,Protein-tyrosine kinases
NCT04688983,BCR-ABL1
NCT04688983,Protein-tyrosine kinases
NCT04688983,CD19
NCT04688983,CD3
NCT04688983,PDGFRβ
NCT04688983,c-Kit
NCT04471974,BET
NCT04471974,AR
NCT04471974,PD-1
NCT04942730,DNA polymerase III
NCT04942730,RNR
NCT04942730,RNA polymerase II
NCT04942730,DNA
NCT04942730,IMPDH
NCT04942730,CaN
NCT04943757,DNA
NCT04890392,PD-1
NCT04890392,TYMS
NCT04890392,DNA
NCT05906615,SCN1A
NCT04634071,nAChRα4&β2
NCT04634071,5-HT3A receptor
NCT04634071,SLC6A2
NCT04634071,CHRNA3
NCT04634071,DAT
NCT04605185,CRAF
NCT04605185,PDGFRβ
NCT04605185,VEGFR
NCT04605185,PD-1
NCT05549778,CYP17A1
NCT04622566,FGFR1
NCT04622566,FGFR2
NCT04622566,FGFR3
NCT04622566,FGFR4
NCT04622566,PDGFRα
NCT04622566,c-Kit
NCT04622566,RET
NCT04622566,VEGFR1
NCT04622566,VEGFR2
NCT04622566,VEGFR3
NCT04622566,PD-1
NCT04493060,PD-1
NCT04493060,PARP1
NCT04493060,PARP2
NCT04683354,MEK1
NCT04683354,MEK2
NCT04602689,Trypsin
NCT04602689,Protease
NCT04501094,PDL1
NCT04501094,TGF-β
NCT04225676,CD19
NCT04614636,CD16a
NCT04614636,DNA
NCT04614636,DNA polymerase III
NCT04614636,RNR
NCT04614636,RNA polymerase II
NCT04614636,CD38
NCT04614636,SLAMF7
NCT04604132,FGFR1
NCT04604132,FGFR2
NCT04604132,FGFR3
NCT04604132,TUBB1
NCT04604132,VEGFR2
NCT04592653,IL-2R
NCT04592653,PD-1
NCT04552769,CDK4
NCT04552769,CDK6
NCT04566380,PD-1
NCT04566380,DNA
NCT04566380,TYMS
NCT04566380,VEGF-A
NCT04459663,PD-1
NCT04459663,Protein-tyrosine kinases
NCT04459663,VEGFR1
NCT04459663,VEGFR2
NCT04459663,VEGFR3
NCT04512417,PD-1
NCT04398108,HER2
NCT04398108,TYMS
NCT04398108,TUBB1
NCT04398108,DNA
NCT04398108,RNR
NCT04189107,GR
NCT04344158,PD-1
NCT04435197,PD-1
NCT05513612,DNA polymerase III
NCT05513612,RNR
NCT05513612,RNA polymerase II
NCT05513612,DNA
NCT04379739,PD-1
NCT06540937,DHODH
NCT04329949,GR
NCT04329949,TUBB1
NCT04427774,CSF-1R
NCT04427774,FGFR1
NCT04427774,VEGFR
NCT04427774,PD-1
NCT04992988,PD-1
NCT04314089,CFH
NCT04400383,CLDN18.2
NCT04400383,Bacterial DNA gyrase
NCT04400383,Topoisomerase IV
NCT04383977,SRC
NCT04383977,c-Kit
NCT04383977,VEGFR2
NCT04383977,TOP2
NCT04334174,Beta-tubulin 
NCT04334174,CD30
NCT04275713,PRKAB1
NCT04275713,DNA
NCT04426669,DNA
NCT04426669,DNA polymerase III
NCT04426669,RNR
NCT04426669,RNA polymerase II
NCT04426669,IL-2R
NCT04272957,IDH1
NCT04272957,IDH2
NCT04353102,OX40
NCT04279561,PSMA
NCT04134884,PARP1
NCT04134884,PARP2
NCT04134884,CDA
NCT04134884,DNMT1
NCT04102020,Bcl-2
NCT04102020,DNMT1
NCT03996473,PD-1
NCT05999994,VEGFR2
NCT05999994,DNA
NCT05999994,TUBB1
NCT05999994,RNR
NCT05999994,CDK4
NCT05999994,CDK6
NCT05999994,TOP1
NCT04192253,TUBB1
NCT04192253,DNA
NCT04187456,c-Met
NCT04187456,GABAA receptor
NCT04193904,TLR5
NCT04187352,PDL1
NCT04187352,TYMS
NCT04187352,DNA
NCT03935893,IL-2R
NCT03935893,DNA polymerase III
NCT03935893,RNR
NCT03935893,RNA polymerase II
NCT03935893,DNA
NCT04133337,SRC
NCT04133337,c-Kit
NCT04133337,VEGFR2
NCT04133337,PD-1
NCT03984448,DNA
NCT03984448,TOP2
NCT03984448,GR
NCT03984448,CD20
NCT03984448,Bcl-2
NCT04865289,FGFR1
NCT04865289,FGFR2
NCT04865289,FGFR3
NCT04865289,FGFR4
NCT04865289,PDGFRα
NCT04865289,c-Kit
NCT04865289,RET
NCT04865289,VEGFR1
NCT04865289,VEGFR2
NCT04865289,VEGFR3
NCT04865289,PD-1
NCT04865289,TUBB1
NCT04865289,DNA
NCT04074187,GR
NCT04074187,CD20
NCT03994796,CDK4
NCT03994796,CDK6
NCT03994796,PI3K family
NCT03994796,ALK
NCT03994796,TRKA
NCT03994796,TrkB
NCT03994796,TrkC
NCT03994796,ROS1
NCT03994796,KRAS G12C
NCT03792763,RANKL
NCT04050462,PD-1
NCT04050462,CSF-1R
NCT04050462,IL-8
NCT04021368,CDK19
NCT04021368,CDK8
NCT04139772,TUBB1
NCT04139772,GR
NCT04139772,CYP17A1
NCT04139772,AR
NCT04043494,DNA
NCT04043494,DNA-directed DNA polymerase
NCT04043494,GR
NCT04043494,TOP2
NCT04043494,HPRT1
NCT04043494,DHFR
NCT04043494,ASN
NCT04043494,TUBB1
NCT04439890,DNA
NCT05585645,EPO receptor
NCT03892018,P-gp
NCT03892018,TUBB1
NCT03984097,CD38
NCT03984097,IFNγ
NCT03984097,CK1α
NCT03984097,CRBN
NCT03984097,IKZF1
NCT03984097,IL-2
NCT03984097,IL-6
NCT03984097,TNF-α
NCT03984097,IKZF3
NCT03984097,GR
NCT03984097,Proteasome
NCT03977194,DNA
NCT03977194,TUBB1
NCT03977194,PDL1
NCT03492671,DNA
NCT03492671,RNR
NCT03492671,TUBB1
NCT04025593,DNA
NCT04025593,CD20
NCT04025593,TOP2
NCT04025593,TUBB1
NCT04025593,GR
NCT04025593,BTK
NCT04025593,IFNγ
NCT04025593,CK1α
NCT04025593,CRBN
NCT04025593,IKZF1
NCT04025593,IL-2
NCT04025593,IL-6
NCT04025593,TNF-α
NCT04025593,IKZF3
NCT04025593,HDAC
NCT04025593,DNMT1
NCT04025593,DNMT3A
NCT04025593,DNMT3B
NCT03933735,BCMA
NCT03933735,CD3
NCT04121507,HIV-1 RT
NCT03983759,PD-1
NCT03795597,Proteasome
NCT03795597,DNA
NCT03930953,CRBN
NCT03930953,CD20
NCT03930953,CD19
NCT03930953,EZH1
NCT03930953,EZH2
NCT03910387,DNA
NCT03910387,RNR
NCT03910387,TUBB1
NCT04356430,CYP17A1
NCT04356430,GR
NCT04356430,GnRHR
NCT03924986,PD-1
NCT03924986,DNA
NCT03924986,RNR
NCT03818061,PDL1
NCT03818061,VEGF-A
NCT03802058,TUBB1
NCT03802058,DNA
NCT03764137,EGFR
NCT03754933,PNP
NCT03967938,PARP1
NCT03967938,PARP2
NCT03967938,PARP3
NCT03486197,PD-1
NCT03724968,PD-1
NCT03724968,LAG3
NCT03724968,CTLA4
NCT05728632,β1-adrenergic receptor
NCT03616886,TUBB1
NCT03616886,DNA
NCT03616886,PDL1
NCT03616886,CD73
NCT03819465,PDL1
NCT03819465,STAT3
NCT03819465,CD73
NCT03819465,CTLA4
NCT03819465,PD-1
NCT03819465,DHFR
NCT03819465,GART
NCT03819465,TYMS
NCT03819465,DNA
NCT03819465,RNR
NCT03819465,TUBB1
NCT03819465,TIGIT
NCT03755141,HER2
NCT03596281,PD-1
NCT03596281,VEGF-A
NCT03596281,DNA
NCT03596281,TOP2
NCT03579446,μ opioid receptor
NCT03579446,δ opioid receptor
NCT03579446,κ opioid receptor
NCT03579446,Opioid receptors
NCT03663166,DNA
NCT03663166,TOP2
NCT03663166,TUBB1
NCT03663166,DHFR
NCT03663166,GART
NCT03663166,TYMS
NCT03663166,CTLA4
NCT03663166,PD-1
NCT03513484,DNMT1
NCT03513484,FGFR1
NCT03513484,FGFR2
NCT03513484,FGFR3
NCT03513484,PDGFRα
NCT03513484,PDGFRβ
NCT03513484,FLT3
NCT03513484,VEGFR1
NCT03513484,VEGFR2
NCT03513484,VEGFR3
NCT03664687,Bone resorption factor
NCT03664687,FDPS
NCT03706547,BCMA
NCT03706547,CD19
NCT03706547,DNA polymerase III
NCT03706547,RNR
NCT03706547,RNA polymerase II
NCT03706547,DNA
NCT03714490,GR
NCT03714490,TYMS
NCT03714490,DNA
NCT03646461,BTK
NCT03646461,EGFR
NCT03646461,PD-1
NCT03708328,TIM3
NCT03708328,PD-1
NCT03689699,PD-1
NCT03689699,GnRHR
NCT03689699,IL-8
NCT03715517,SCN1A
NCT03715517,δ opioid receptor
NCT03715517,κ opioid receptor
NCT03715517,μ opioid receptor
NCT03011671,CAs
NCT03011671,DNA
NCT03707093,4-1BB
NCT03090880,AT III
NCT03457142,CD80
NCT03457142,CD86
NCT03457142,GR
NCT03457142,Proteasome
NCT03587038,DNA
NCT03600467,AR
NCT03600467,CYP17A1
NCT03600467,GR
NCT03580928,Bcl-2
NCT03580928,CD20
NCT03580928,BTK
NCT03265717,TERT
NCT03600129,SCN1A
NCT03363867,PDL1
NCT03363867,VEGF-A
NCT03363867,MEK1
NCT03363867,MEK2
NCT03574402,EGFR L858R
NCT03574402,EGFR-Ex19del
NCT03574402,EGFR
NCT03574402,HER2
NCT03574402,HER4
NCT03574402,ALK
NCT03574402,c-Met
NCT03574402,MST1R
NCT03574402,ROS1
NCT03574402,HDAC
NCT03574402,DHFR
NCT03574402,GART
NCT03574402,TYMS
NCT03574402,DNA
NCT03574402,PD-1
NCT03574402,RNR
NCT03516591,CD33
NCT03516591,CD3
NCT03535727,TUBB1
NCT03535727,DNA
NCT03535727,RNR
NCT03535727,TYMS
NCT03535727,TOP1
NCT03410693,FGFRs
NCT03410693,TUBB1
NCT03533582,DNA
NCT03533582,TOP2
NCT03533582,TYMS
NCT03533582,RNR
NCT03533582,TOP1
NCT03533582,CRAF
NCT03533582,PDGFRβ
NCT03533582,BRAF
NCT03533582,c-Kit
NCT03533582,FLT3
NCT03533582,RET
NCT03533582,VEGFR1
NCT03533582,VEGFR2
NCT03533582,VEGFR3
NCT03473756,FGFRs
NCT03473756,PDL1
NCT03544125,PDL1
NCT03544125,PARP1
NCT03544125,PARP2
NCT03544125,PARP3
NCT03245554,β-adrenoceptors
NCT04263298,ER
NCT04263298,TYMS
NCT03341520,CD20
NCT03464201,AR
NCT03239392,IL-15
NCT03239392,IL-2
NCT03239392,IL-9
NCT03488225,DNA
NCT03488225,DNA-directed DNA polymerase
NCT03488225,GR
NCT03488225,CD22
NCT03488225,HPRT1
NCT03488225,DHFR
NCT03488225,CD20
NCT03407300,TUBB1
NCT03395873,DNMT1
NCT03395873,DNMT3A
NCT03395873,DNMT3B
NCT03395873,PDL1
NCT03390062,SRC
NCT03390062,c-Kit
NCT03390062,VEGFR2
NCT03164772,PDL1
NCT03164772,CTLA4
NCT03164772,MAGEC1
NCT03164772,MAGEC2
NCT03164772,5T4
NCT03231176,EGFR
NCT03231176,HER2
NCT03231176,HER4
NCT03231176,TYMS
NCT03315364,TUBB1
NCT03298893,PD-1
NCT03298893,DNA
NCT03362723,MDM2
NCT03352947,CRAF
NCT03352947,BRAF
NCT03352947,MEK1
NCT03352947,MEK2
NCT03427242,SRC
NCT03427242,c-Kit
NCT03427242,VEGFR2
NCT03222609,JAK1
NCT03222609,JAK2
NCT03222609,Bcl-2
NCT03222609,Bcl-XL
NCT03106779,BCR-ABL1
NCT03106779,SRC
NCT02760953,DNA
NCT02760953,TOP2
NCT03233347,Beta-tubulin 
NCT03233347,CD30
NCT03233347,DNA
NCT03233347,TOP2
NCT03233347,PD-1
NCT03233347,TUBB1
NCT03168100,SLAMF7
NCT03168100,IFNγ
NCT03168100,CK1α
NCT03168100,CRBN
NCT03168100,IKZF1
NCT03168100,IL-2
NCT03168100,IL-6
NCT03168100,TNF-α
NCT03168100,IKZF3
NCT03168100,GR
NCT03168100,Proteasome
NCT03256071,DNMT1
NCT03256071,DNMT3A
NCT03256071,DNMT3B
NCT03256071,DNA
NCT03256071,DNA-directed DNA polymerase
NCT03288493,FKBP12
NCT03045653,ER
NCT03280264,CaSR
NCT03194932,Bcl-2
NCT03194932,DNA-directed DNA polymerase
NCT03194932,DNA
NCT03194932,TOP2
NCT03194932,DNMT1
NCT03950141,SRC
NCT03950141,c-Kit
NCT03950141,VEGFR2
NCT03950141,TYMS
NCT03229200,BTK
NCT03085069,PD-1
NCT02567422,ATR
NCT02567422,DNA
NCT06390839,CDK4
NCT06390839,CDK6
NCT03020030,ASN
NCT03020030,DNA
NCT03020030,DNA-directed DNA polymerase
NCT03020030,BCR-ABL1
NCT03020030,EphA2
NCT03020030,FYN
NCT03020030,GR
NCT03020030,TOP2
NCT03020030,HPRT1
NCT03020030,DHFR
NCT03020030,POLA1
NCT03020030,TUBB1
NCT02216578,AXL
NCT02216578,c-Met
NCT02216578,c-Kit
NCT02216578,FLT3
NCT02216578,VEGFR1
NCT02216578,VEGFR2
NCT02216578,VEGFR3
NCT02782546,CaN
NCT02782546,IMPDH
NCT02782546,CSF-3R
NCT02782546,GCGR
NCT02782546,GLP-1R
NCT02935205,AR
NCT02935205,COX
NCT03141463,HPV E6
NCT03141463,E7
NCT03096184,TYMS
NCT02970539,P-gp
NCT02970539,TUBB1
NCT02970539,VEGFR2
NCT02962063,PDL1
NCT02962063,DNA
NCT02962063,TUBB1
NCT02962063,CTLA4
NCT03027739,CD19
NCT02810990,BCR-ABL1
NCT02810990,SRC
NCT02873598,DNA
NCT02873598,RNR
NCT02873598,TUBB1
NCT02921919,PARP1
NCT02921919,PARP2
NCT02940886,Phosphates
NCT02921893,GR
NCT02921893,Proteasome
NCT02921893,IFNγ
NCT02921893,CK1α
NCT02921893,CRBN
NCT02921893,IKZF1
NCT02921893,IL-2
NCT02921893,IL-6
NCT02921893,TNF-α
NCT02921893,IKZF3
NCT02873975,Chk1
NCT02873975,Chk2
NCT02829840,BCR-ABL1
NCT02829840,Protein-tyrosine kinases
NCT02829840,DNMT1
NCT03070548,PARP1
NCT03070548,PARP2
NCT02903914,ARG1
NCT02903914,PD-1
NCT02880371,CSF-1R
NCT02880371,PD-1
NCT02768792,PD-1
NCT02886897,HDAC
NCT02924753,DNA
NCT02924753,DNA polymerase III
NCT02924753,RNR
NCT02924753,RNA polymerase II
NCT02724878,VEGF-A
NCT02724878,PDL1
NCT02725489,PDL1
NCT02808442,CD19
NCT02787369,HDAC6
NCT02787369,BTK
NCT02787369,PI3Kδ
NCT04439123,AKT1
NCT04439123,AKT2
NCT04439123,AKT3
NCT01821833,TUBB1
NCT02780310,FGFR1
NCT02780310,FGFR2
NCT02780310,FGFR3
NCT02780310,FGFR4
NCT02780310,PDGFRα
NCT02780310,c-Kit
NCT02780310,RET
NCT02780310,VEGFR1
NCT02780310,VEGFR2
NCT02780310,VEGFR3
NCT02692248,BTK
NCT02692248,CD20
NCT02692248,DNA
NCT02692248,RNR
NCT02692248,GR
NCT02697058,TYMS
NCT02688712,ALK5
NCT02688712,TYMS
NCT02680574,EPO receptor
NCT03564704,GR
NCT03564704,TUBB1
NCT03564704,DNA
NCT03564704,TOP2
NCT03564704,ASN
NCT03564704,DHFR
NCT03564704,HPRT1
NCT03564704,DNA-directed DNA polymerase
NCT03564704,HDAC
NCT02460367,TUBB1
NCT02460367,IDO1
NCT02621970,DNA
NCT02621970,TUBB1
NCT02621970,TYMS
NCT02671955,VISTA
NCT02523469,GCGR
NCT02523469,GLP-1R
NCT02523469,PD-1
NCT02634827,DNMT1
NCT02634827,DNMT3A
NCT02634827,DNMT3B
NCT02634827,PDGFRβ
NCT02634827,PKCα
NCT02634827,c-Kit
NCT02634827,FLT3
NCT02634827,VEGFR2
NCT02622932,c-Kit
NCT02622932,VEGFR1
NCT02622932,VEGFR2
NCT02622932,VEGFR3
NCT02384382,AR
NCT02496741,PRKAB1
NCT02549352,PKC
NCT02608216,CDK4
NCT02608216,CDK6
NCT02608216,TUBB1
NCT02501902,CDK4
NCT02501902,CDK6
NCT02501902,TUBB1
NCT02494713,GnRHR
NCT02494713,TOP2
NCT02494713,C14DM
NCT02494713,TUBB1
NCT02494713,SHP2
NCT02514603,Chk1
NCT02514603,Chk2
NCT02574533,DRDs
NCT02574533,DAT
NCT02574533,PD-1
NCT02648711,VEGF-A
NCT02752204,mTOR
NCT02752204,CD20
NCT02308072,PARP1
NCT02308072,PARP2
NCT02308072,PARP3
NCT02308072,DNA
NCT02166658,TUBB1
NCT02514382,Proteasome
NCT02514382,GR
NCT02367040,PI3Kα
NCT02367040,PI3Kδ
NCT02367040,CD20
NCT02383966,EGFR
NCT02383966,DNA
NCT02383966,TYMS
NCT02496208,CTLA4
NCT02496208,PD-1
NCT02420223,β-adrenoceptors
NCT02436408,SMO
NCT02497378,CD38
NCT02497378,Proteasome
NCT02497378,GR
NCT02482311,WEE1
NCT02438358,Cathepsin
NCT02489903,c-Myc
NCT02489903,CD47
NCT02489903,NLRP3
NCT02489903,DNA
NCT02489903,TOP2
NCT02489903,TOP1
NCT02489903,TUBB1
NCT02489903,RNR
NCT02489903,DHFR
NCT02489903,GART
NCT02489903,TYMS
NCT02207309,PDGFRα
NCT02207309,PDGFRβ
NCT02207309,c-Kit
NCT02207309,VEGFR1
NCT02207309,VEGFR2
NCT02207309,VEGFR3
NCT03757754,AKT1
NCT02394795,DNA
NCT02394795,TYMS
NCT02394795,EGFR
NCT02394795,VEGF-A
NCT04440956,SSTR2
NCT02292550,CDK4
NCT02292550,CDK6
NCT02292550,ALK
NCT02314169,CTLA4
NCT02314169,PD-1
NCT02291055,E7
NCT02291055,PDL1
NCT02353741,EGFR L858R
NCT02353741,EGFR-Ex19del
NCT02353741,EGFR
NCT02530411,ER
NCT02530411,EGFR
NCT02530411,RET
NCT02530411,VEGFR2
NCT02866370,FGFR1
NCT02866370,FGFR2
NCT02866370,FGFR3
NCT02866370,PDGFRα
NCT02866370,PDGFRβ
NCT02866370,FLT3
NCT02866370,VEGFR1
NCT02866370,VEGFR2
NCT02866370,VEGFR3
NCT02866370,TUBB1
NCT02866370,DNA
NCT02866370,TOP2
NCT02866370,TOP1
NCT02437227,Raf kinase
NCT02322281,EGFR T790M
NCT02322281,DHFR
NCT02322281,GART
NCT02322281,TYMS
NCT02322281,DNA
NCT02322281,RNR
NCT02322281,TUBB1
NCT02517918,mTOR
NCT02517918,DNA
NCT02517918,DHFR
NCT02517918,Bone resorption factor
NCT02517918,FDPS
NCT02616601,TYMS
NCT03862170,Bacterial DNA gyrase
NCT02276560,DNA
NCT02276560,TUBB1
NCT02276560,DHFR
NCT02276560,GART
NCT02276560,TYMS
NCT02276560,RNR
NCT02314052,c-Myc
NCT02254954,ETA
NCT02254954,ETRB
NCT02254954,DNA
NCT02391038,Beta-tubulin 
NCT02391038,GC-C
NCT02298387,DLL4
NCT02298387,VEGF
NCT02306278,CACNA2D1
NCT02306278,CACNA2D2
NCT02285179,PI3Kα
NCT02285179,ER
NCT03012945,SCN1A
NCT03012945,Opioid receptors
NCT03012945,GABAA receptor
NCT03012945,δ opioid receptor
NCT03012945,κ opioid receptor
NCT03012945,μ opioid receptor
NCT02274337,EGFR T790M
NCT02231723,STAT3
NCT02231723,TUBB1
NCT02231723,DNA
NCT02231723,RNR
NCT02231723,TOP1
NCT02231723,TYMS
NCT02361112,EGFR
NCT02361112,HER2
NCT02361112,HER4
NCT02361112,TYMS
NCT02029417,DNA-directed DNA polymerase
NCT02029417,80s ribosome
NCT02029417,DNMT1
NCT02029417,DNMT3A
NCT02029417,DNMT3B
NCT02115035,BRAF V600E
NCT02128191,COX-1
NCT02128191,COX-2
NCT02194426,c-Met
NCT02194426,VEGFR
NCT01880359,DNA
NCT02195869,BTK
NCT02101684,CYP17A1
NCT02119468,Proteasome
NCT02119468,GR
NCT02119468,CRBN
NCT02119468,IKZF1
NCT02119468,IL-6
NCT02119468,TNF-α
NCT02119468,IKZF3
NCT02252146,TLR7
NCT02252146,TLR8
NCT02252146,TLR9
NCT02059239,DNA
NCT02059239,TOP2
NCT02059239,DNA-directed DNA polymerase
NCT02059239,CD52
NCT02059239,CD20
NCT01802814,CD22
NCT01943188,DNA
NCT02069093,GR
NCT02069093,mTORC1
NCT02069093,mTORC2
NCT02069093,aromatase
NCT02111577,TUBB1
NCT02111577,GR
NCT02038010,PI3Kα
NCT02038010,Beta-tubulin 
NCT02038010,HER2
NCT02071537,DNA
NCT02071537,RNR
NCT02058381,PI3Kα
NCT02058381,PI3Kβ
NCT02058381,PI3Kδ
NCT02058381,PI3Kγ
NCT05008237,TUBB1
NCT05008237,DNA
NCT01991873,EGFR
NCT02065869,FKBP12
NCT02146118,EGFR L858R
NCT02146118,EGFR-Ex19del
NCT02146118,EGFR
NCT02117167,mTOR
NCT02117167,FGFR1
NCT02117167,FGFR2
NCT02117167,FGFR3
NCT02117167,AKT1
NCT02117167,AKT2
NCT02117167,AKT3
NCT02117167,EGFR
NCT02117167,HER3
NCT02117167,HER2
NCT02117167,MEK1
NCT02117167,MEK2
NCT02117167,RET
NCT02117167,VEGFR2
NCT02117167,DHFR
NCT02117167,GART
NCT02117167,TYMS
NCT02117167,PDL1
NCT02117167,c-Met
NCT02117167,PARP1
NCT02117167,PARP2
NCT02117167,PARP3
NCT02697552,HDAC
NCT02159365,SLAMF7
NCT02159365,IFNγ
NCT02159365,CK1α
NCT02159365,CRBN
NCT02159365,IKZF1
NCT02159365,IL-2
NCT02159365,IL-6
NCT02159365,TNF-α
NCT02159365,IKZF3
NCT02159365,GR
NCT01895842,JAK1
NCT01895842,JAK2
NCT02041429,JAK1
NCT02041429,JAK2
NCT02041429,TUBB1
NCT02076230,DNA
NCT02089178,GABAA receptor
NCT02089178,μ opioid receptor
NCT03977103,adrenergic receptor
NCT03977103,ADRA1A
NCT03977103,β1-adrenergic receptor
NCT03977103,β2-adrenergic receptor
NCT02027090,EGFR L858R
NCT02027090,EGFR
NCT01397799,SRC
NCT01397799,TUBB1
NCT01588951,DNA-directed DNA polymerase
NCT01659502,H2 receptor
NCT01987102,TYMS
NCT02001272,TUBB1
NCT02001272,DNA
NCT01969695,Bcl-2
NCT01974349,MEK1
NCT01974349,MEK2
NCT01809171,VDR
NCT01866449,TUBB1
NCT01976195,GR
NCT01976195,AGP1
NCT01976195,AGP2
NCT01976195,CRBN
NCT01976195,IKZF1
NCT01976195,SALL4
NCT01976195,TNF
NCT01976195,IKZF3
NCT01989845,factor Xa
NCT01848132,Proteasome
NCT01848132,CD20
NCT01848132,DNA
NCT01848132,TOP2
NCT01848132,GR
NCT01848132,TUBB1
NCT01864772,DNA
NCT01864772,TYMS
NCT01864772,EGFR
NCT01820325,PI3Kα
NCT01820325,PI3Kβ
NCT01820325,PI3Kδ
NCT01820325,PI3Kγ
NCT01820325,DNA
NCT01820325,TUBB1
NCT02083692,PRKAB1
NCT01816594,PI3Kα
NCT01816594,PI3Kβ
NCT01816594,PI3Kδ
NCT01816594,PI3Kγ
NCT01816594,HER2
NCT01816594,TUBB1
NCT01932580,TYMS
NCT01932580,DNA
NCT01932580,TUBB1
NCT01795430,TOP2
NCT01795430,DNA
NCT01849380,TYMS
NCT01481233,TUBB1
NCT01867866,TYMP
NCT01867866,TYMS
NCT01867866,DNA-directed DNA polymerase
NCT01846416,PDL1
NCT04635852,Opioid receptors
NCT04635852,δ opioid receptor
NCT04635852,κ opioid receptor
NCT04635852,μ opioid receptor
NCT01630564,IL-2R
NCT01805037,Beta-tubulin 
NCT01805037,CD30
NCT01805037,CD20
NCT01790737,DNA
NCT01790737,CSF-3R
NCT01859819,CD20
NCT01859819,DNA-directed DNA polymerase
NCT01738451,CRAF
NCT01738451,BRAF
NCT01740271,DNA
NCT01740271,TOP2
NCT01729338,Proteasome
NCT01729338,DNA
NCT01729338,IFNγ
NCT01729338,CK1α
NCT01729338,CRBN
NCT01729338,IKZF1
NCT01729338,IL-2
NCT01729338,IL-6
NCT01729338,TNF-α
NCT01729338,IKZF3
NCT01763606,COX
NCT01659021,PI3Kδ
NCT01659021,CD20
NCT01764880,HPSE
NCT01680965,CD20
NCT01585350,TLR3
NCT01671774,CLDN18.2
NCT01671774,Bone resorption factor
NCT01671774,FDPS
NCT01633060,ER
NCT01633060,PI3Kα
NCT01633060,PI3Kβ
NCT01633060,PI3Kδ
NCT01633060,PI3Kγ
NCT01617226,DNMT1
NCT01617226,HDAC
NCT01746992,DNA
NCT01746992,TUBB1
NCT01746992,TOP2
NCT01746992,GR
NCT01746992,DHFR
NCT01728623,FGFR1
NCT01728623,FGFR2
NCT01728623,FGFR3
NCT01728623,FGFR4
NCT01728623,PDGFRα
NCT01728623,c-Kit
NCT01728623,RET
NCT01728623,VEGFR1
NCT01728623,VEGFR2
NCT01728623,VEGFR3
NCT01663415,AR
NCT01634880,EGFR
NCT01929980,Proteasome
NCT01607580,GR
NCT01693445,DNA
NCT01693445,TOP1
NCT01693445,TYMS
NCT01531387,RNR
NCT01583816,TLR7
NCT01583816,TLR8
NCT01596647,COX
NCT01596647,Proton pump
NCT01596647,GABAA receptor
NCT01570868,BCR-ABL1
NCT01570868,Protein-tyrosine kinases
NCT01655719,PPARγ
NCT01572662,DNA
NCT01572662,CaN
NCT01572662,DHFR
NCT01572662,CSF-3R
NCT01334502,CD20
NCT01334502,DNA
NCT01334502,mTORC1
NCT01334502,mTORC2
NCT01334502,GR
NCT01516996,TUBB1
NCT01516996,DNA
NCT01516996,EGFR
NCT01876043,EEF1A1
NCT01527136,TLR5
NCT01542437,EGFR L858R
NCT01542437,EGFR-Ex19del
NCT01542437,EGFR
NCT01542437,HER2
NCT01542437,HER4
NCT01620736,HIV-1 integrase
NCT01620736,Gag-pol
NCT01428492,AKT
NCT01428492,Proteasome
NCT01428492,GR
NCT01469572,SSTR2
NCT01469572,SSTR1
NCT01469572,SSTR3
NCT01469572,SSTR5
NCT01469572,mTORC1
NCT01469572,mTORC2
NCT01481129,AKT
NCT01510756,CRAF
NCT01510756,PDGFRβ
NCT01510756,BRAF
NCT01510756,c-Kit
NCT01510756,FLT3
NCT01510756,RET
NCT01510756,VEGFR1
NCT01510756,VEGFR2
NCT01510756,VEGFR3
NCT01468389,TYMS
NCT01339442,PI3Kα
NCT01339442,PI3Kβ
NCT01339442,PI3Kδ
NCT01339442,PI3Kγ
NCT01339442,ER
NCT03117335,TUBB1
NCT03117335,DNA
NCT01460979,mTOR
NCT01431664,BCR-ABL1
NCT01431664,Aurora A
NCT01431664,Aurora B
NCT01431664,JAK2
NCT01431664,FLT3
NCT01394120,TYMS
NCT01394120,DNA
NCT01394120,RNR
NCT01394120,EGFR L858R
NCT01394120,EGFR-Ex19del
NCT01394120,EGFR
NCT01429051,Opioid receptors
NCT02043756,DNA
NCT02043756,TOP2
NCT00816959,CD20
NCT00816959,Hyaluronic acid
NCT01232296,CSF-1R
NCT01232296,FGFR1
NCT01232296,FGFR3
NCT01232296,PDGFRβ
NCT01232296,c-Kit
NCT01232296,FLT3
NCT01232296,VEGFR
NCT01232296,CRAF
NCT01232296,BRAF
NCT01232296,RET
NCT01232296,VEGFR1
NCT01232296,VEGFR2
NCT01232296,VEGFR3
NCT01384253,HER2
NCT01362374,TYMS
NCT01362374,TUBB1
NCT01362374,AR
NCT01362374,AKT
NCT01362374,DNA
NCT01430013,VEGFR
NCT01430013,DNA
NCT01430013,TOP2
NCT01430013,TUBB1
NCT01430013,GR
NCT01328496,DNA polymerase III
NCT01328496,RNR
NCT01328496,RNA polymerase II
NCT01328496,DNA
NCT01328496,CaN
NCT01328496,IMPDH
NCT01328496,CSF-3R
NCT01382706,TUBB1
NCT01639625,CK2
NCT01074177,EGFR L858R
NCT01074177,EGFR-Ex19del
NCT01074177,EGFR
NCT01074177,HER2
NCT01074177,HER4
NCT01191697,VEGF-A
NCT01191697,HER2
NCT01191697,DNA
NCT01191697,TYMS
NCT01320020,EpCAM
NCT01320020,CD3
NCT01409499,CRAF
NCT01409499,PDGFRβ
NCT01409499,BRAF
NCT01409499,c-Kit
NCT01409499,FLT3
NCT01409499,RET
NCT01409499,VEGFR1
NCT01409499,VEGFR2
NCT01409499,VEGFR3
NCT01558947,DNA
NCT01558947,TOP2
NCT01558947,TYMS
NCT01251172,γ-secretase
NCT01251172,DNA
NCT01260506,FasR
NCT01260506,TNFR1
NCT01260506,VEGF-A
NCT01308645,β1-adrenergic receptor
NCT05167370,TNSALP
NCT05167370,DNA
NCT01238770,PDGFRα
NCT01238770,PDGFRβ
NCT01238770,c-Kit
NCT01238770,VEGFR1
NCT01238770,VEGFR2
NCT01238770,VEGFR3
NCT01238770,DNA
NCT01242449,HER2
NCT01242449,TUBB1
NCT01222754,IFNγ
NCT01222754,CK1α
NCT01222754,CRBN
NCT01222754,IKZF1
NCT01222754,IL-2
NCT01222754,IL-6
NCT01222754,TNF-α
NCT01222754,IKZF3
NCT01222754,A1R
NCT01222754,PDE
NCT01222754,A2bR
NCT01217437,VEGF-A
NCT01217437,DNA
NCT01195376,PI3K family
NCT01195376,mTOR
NCT01240577,thymidine kinase
NCT01226407,HDAC
NCT01271920,HSP90
NCT01271920,HER2
NCT01370876,DNA
NCT01370876,TYMS
NCT02225652,TYMS
NCT02225652,DNA
NCT02225652,TOP2
NCT02225652,CSF-3R
NCT02225652,TUBB1
NCT02817555,EPO receptor
NCT01270724,DNA
NCT01270724,RNR
NCT01270724,TUBB1
NCT01718379,IFNγ
NCT01718379,CK1α
NCT01718379,CRBN
NCT01718379,IKZF1
NCT01718379,IL-2
NCT01718379,IL-6
NCT01718379,TNF-α
NCT01718379,IKZF3
NCT01718379,EPO receptor
NCT01091454,DNA
NCT01138163,TUBB1
NCT01138163,Phosphatidylserine
NCT01146574, ACVR1B
NCT01146574,GDF11
NCT01146574,ACVR2A
NCT01146574,MSTN
NCT01159028,GRB2
NCT01208194,TLR9
NCT01323933,LOXL2
NCT01094860,POLA1
NCT01209208,GR
NCT01209208,PP2A
NCT01110785,EGFR
NCT01110785,HMG-CoA reductase
NCT01077453,aromatase
NCT01077453,ER
NCT01118975,HDAC
NCT01118975,EGFR
NCT01118975,HER2
NCT01042522,DNA
NCT01042522,TOP2
NCT01042522,TUBB1
NCT01024920,FGFR1
NCT01024920,FGFR2
NCT01024920,FGFR3
NCT01024920,PDGFRα
NCT01024920,PDGFRβ
NCT01024920,FLT3
NCT01024920,VEGFR1
NCT01024920,VEGFR2
NCT01024920,VEGFR3
NCT01024920,RTK
NCT01024920,VEGFR
NCT01059552,HDAC
NCT01183494,VEGF-A
NCT01183494,TOP1
NCT01183494,TYMS
NCT01013740,TUBB1
NCT01013740,EGFR
NCT01013740,HER2
NCT01013740,TYMS
NCT01019382,DNA
NCT01019382,RNR
NCT00982436,TUBB1
NCT00982436,DNA
NCT01160484,GR
NCT01160484,Proteasome
NCT01160484,IFNγ
NCT01160484,CK1α
NCT01160484,CRBN
NCT01160484,IKZF1
NCT01160484,IL-2
NCT01160484,IL-6
NCT01160484,TNF-α
NCT01160484,IKZF3
NCT00952289,JAK1
NCT00952289,JAK2
NCT00838513,C5
NCT00927589,DNA
NCT00927589,TUBB1
NCT00927589,HER2
NCT00933374,TUBB1
NCT00933374,mTORC1
NCT00933374,mTORC2
NCT00961896,SMO
NCT00962507,mTORC1
NCT00962507,mTORC2
NCT00962507,HDACs
NCT00962507,HIF-1α
NCT00962507,VEGF
NCT05278728,EGFR
NCT05278728,TOP1
NCT00918723,DNA
NCT00918723,CD20
NCT00918723,HDAC
NCT00940784,P2Y12 receptor
NCT00940784,COX
NCT00940784,RNR
NCT01528501,HDACs
NCT01528501,HIF-1α
NCT01528501,VEGF
NCT00807170,EGFR
NCT00807170,RET
NCT00807170,VEGFR2
NCT00911326,CD206
NCT01449344,CD20
NCT01449344,DNA-directed DNA polymerase
NCT01449344,GR
NCT01449344,Proteasome
NCT00833040,Opioid receptors
NCT00868478,CD74
NCT01729663,CSF-2R
NCT01729663,IFNAR
NCT00858429,TYMS
NCT00723398,Lipid
NCT00723398,Triglyceride
NCT00723398,ERβ
NCT00723398,ER
NCT00866177,MEK1
NCT00866177,MEK2
NCT00931450,aromatase
NCT01775423,STAT3
NCT00821886,TUBB1
NCT00821886,HER2
NCT00821886,DNA
NCT00832819,FGFR1
NCT00832819,FGFR2
NCT00832819,FGFR3
NCT00832819,FGFR4
NCT00832819,PDGFRα
NCT00832819,c-Kit
NCT00832819,RET
NCT00832819,VEGFR1
NCT00832819,VEGFR2
NCT00832819,VEGFR3
NCT00832819,TUBB1
NCT00832819,DNA
NCT00846508,DNA
NCT01227408,TOP2
NCT01227408,TUBB1
NCT01227408,TYMS
NCT01227408,DNA
NCT01227408,DHFR
NCT00923247,Proteasome
NCT00923247,EGFR
NCT00923247,RET
NCT00923247,VEGFR2
NCT00841555,DNA
NCT00850785,TUBB1
NCT00850785,CSF-2R
NCT00850785,TLR
NCT00828841,EGFR
NCT00828841,TUBB1
NCT00828841,DNA
NCT00828841,RNR
NCT00832520,ADRA2
NCT00729833,IGF-1R
NCT00729833,PDGFRβ
NCT00729833,RTK
NCT00729833,VEGFR
NCT00882973,TUBB1
NCT01198392,TYMS
NCT01198392,DNA
NCT00750841,VEGFR1
NCT00750841,VEGFR2
NCT00750841,VEGFR3
NCT00750841,RNAP
NCT00733850,FasR
NCT00733850,Bcl-2
NCT00733850,DNA
NCT00733850,RNR
NCT00764517,RNR
NCT00764517,CD20
NCT00764517,HDAC
NCT00786812,BCR-ABL1
NCT00786812,PDGFRβ
NCT00786812,c-Kit
NCT00669565,Phosphatidylserine
NCT00669565,DNA
NCT00669565,TUBB1
NCT00738764,TWEAKR
NCT00906360,EGFR
NCT00722293,TOP2
NCT00722293,PDGFRα
NCT00722293,PDGFRβ
NCT00722293,c-Kit
NCT00722293,VEGFR1
NCT00722293,VEGFR2
NCT00722293,VEGFR3
NCT00722293,DNA
NCT00684996,αvβ3
NCT00684996,VEGF-A
NCT00691054,TUBB1
NCT00698009,DNA polymerase III
NCT00698009,RNR
NCT00698009,RNA polymerase II
NCT00698009,DNA
NCT00702494,PIGF
NCT00715793,DNMT1
NCT00715793,DNMT3A
NCT00715793,DNMT3B
NCT00715793,DNA
NCT01922492,PRKAB1
NCT01922492,DPP-4
NCT00666081,AKT
NCT00677144,DNA
NCT00677144,TYMS
NCT00634894,aromatase
NCT00634894,ER
NCT01442909,TUBB1
NCT01442909,DHFR
NCT01442909,GART
NCT01442909,TYMS
NCT00615589,DNA polymerase III
NCT00615589,RNR
NCT00615589,RNA polymerase II
NCT00615589,DNA
NCT00624182,DNA
NCT00624182,RNR
NCT00602030,HDACs
NCT00602030,EGFR L858R
NCT00602030,EGFR-Ex19del
NCT00602030,EGFR
NCT00761085,δ opioid receptor
NCT00761085,κ opioid receptor
NCT00761085,μ opioid receptor
NCT00761085,NMDA receptor
NCT00357760,PGF
NCT00357760,VEGF-A
NCT00573755,aromatase
NCT00573755,ER
NCT00585845,MSLN
NCT00613743,δ opioid receptor
NCT00613743,κ opioid receptor
NCT00613743,μ opioid receptor
NCT00467051,DNA
NCT00467051,CSF-3R
NCT00467051,TUBB1
NCT00431704,TUBB1
NCT00431704,DNA
NCT00431704,HER2
NCT00471445,NMDA receptor
NCT00471445,NET
NCT00471445,SERT
NCT00502307,PDGFRβ
NCT00502307,c-Kit
NCT00502307,VEGFR1
NCT00502307,VEGFR2
NCT00502307,VEGFR3
NCT00557609,c-Met
NCT00526799,CRAF
NCT00526799,PDGFRβ
NCT00526799,BRAF
NCT00526799,c-Kit
NCT00526799,FLT3
NCT00526799,RET
NCT00526799,VEGFR1
NCT00526799,VEGFR2
NCT00526799,VEGFR3
NCT00526799,TOP1
NCT00527930,TYMS
NCT00527930,DNA
NCT00531401,Ras
NCT00954135,aromatase
NCT00954135,ER
NCT00954135,DNA
NCT00954135,CRAF
NCT00954135,PDGFRβ
NCT00954135,BRAF
NCT00954135,c-Kit
NCT00954135,FLT3
NCT00954135,RET
NCT00954135,VEGFR1
NCT00954135,VEGFR2
NCT00954135,VEGFR3
NCT00471276,PDGFRβ
NCT00471276,RTK
NCT00471276,VEGFR
NCT01268163,TUBB1
NCT01706627,Melatonin receptor
NCT00565656,VEGF-A
NCT00372905,CD20
NCT00372905,Proteasome
NCT00429182,DNA
NCT00469859,DNA-directed DNA polymerase
NCT00469859,DNA
NCT00469859,TOP2
NCT00469859,FLT3
NCT00474669,TUBB1
NCT00498407,DNA
NCT00653848,TUBB1
NCT00466843,GR
NCT00568815,CD20
NCT00568815,TOP2
NCT00568815,DNA-directed DNA polymerase
NCT00568815,DNA
NCT00598091,DNA
NCT00598091,RNR
NCT00598091,BCR-ABL1
NCT00598091,EphA2
NCT00598091,FYN
NCT00620295,Proteasome
NCT00620295,DNA
NCT00620295,RNR
NCT00444535,EGFR
NCT00444535,HER2
NCT00444535,VEGF-A
NCT00085098,CSF-3R
NCT00085098,DNA
NCT00085098,TOP2
NCT00406302,TUBB1
NCT00406302,DNA
NCT00406302,EGFR
NCT00434330,EPO receptor
NCT00733889,EGFR
NCT00733889,TUBB1
NCT00733889,DNA
NCT00733889,TYMS
NCT00382733,TOP1
NCT00398281,5α-reductase
NCT00551512,CaM
NCT00551512,DNA
NCT00625937,DNA
NCT00625937,TUBB1
NCT00625937,TYMS
NCT00411138,DNA
NCT00411138,TUBB1
NCT00373373,CRAF
NCT00373373,PDGFRβ
NCT00373373,BRAF
NCT00373373,c-Kit
NCT00373373,FLT3
NCT00373373,RET
NCT00373373,VEGFR1
NCT00373373,VEGFR2
NCT00373373,VEGFR3
NCT00418093,DNA
NCT00418093,RNR
NCT00418093,VEGF-A
NCT00368121,EGFR
NCT00368121,GR
NCT00463073,EGFR
NCT00463073,VEGF-A
NCT00463073,TOP1
NCT00743067,c-Met
NCT00743067,HGF
NCT00743067,VEGFR2
NCT00345163,VEGF-A
NCT00345163,TOP1
NCT00381875,CSF-2R
NCT00330915,DHFR
NCT00330915,GART
NCT00330915,TYMS
NCT00336856,EGFR
NCT00336856,TOP1
NCT00387205,PDGFRα
NCT00387205,PDGFRβ
NCT00387205,c-Kit
NCT00387205,VEGFR1
NCT00387205,VEGFR2
NCT00387205,VEGFR3
NCT00387205,EGFR
NCT00387205,HER2
NCT00307723,VEGF-A
NCT00307723,TYMS
NCT00307723,DNA
NCT00307723,RNR
NCT00316875,DNA
NCT00316875,TOP2
NCT00352755,TYMS
NCT00319748,TLR7
NCT00454324,DNA
NCT00454324,TUBB1
NCT00508807,Nrf2
NCT00508807,NF-κB
NCT01087424,GR
NCT01087424,CD20
NCT01087424,TOP2
NCT01087424,DNA
NCT01087424,TUBB1
NCT00321100,VEGF-A
NCT00321100,EGFR
NCT00321100,DNA
NCT00321100,TYMS
NCT00319839,TUBB1
NCT00319839,EGFR
NCT00420485,TOP1
NCT00446290,TUBB1
NCT00446290,TYMS
NCT00446290,DNA
NCT00458796,Bone resorption factor
NCT00458796,FDPS
NCT00406978,GR
NCT00406978,DNA
NCT00406978,AGP1
NCT00406978,AGP2
NCT00406978,CRBN
NCT00406978,IKZF1
NCT00406978,SALL4
NCT00406978,TNF
NCT00406978,IKZF3
NCT00406978,PAI-1
NCT00406978,tPA
NCT00406978,vWF
NCT00303953,HDAC
NCT00543231,Bcl-2
NCT00861419,CRAF
NCT00861419,PDGFRβ
NCT00861419,BRAF
NCT00861419,c-Kit
NCT00861419,FLT3
NCT00861419,RET
NCT00861419,VEGFR1
NCT00861419,VEGFR2
NCT00861419,VEGFR3
NCT00861419,Ang1
NCT00861419,Ang2
NCT00861419,Tie-2
NCT00861419,RTK
NCT00861419,VEGFR
NCT00861419,VEGF-A
NCT00174369,MEK1
NCT00174369,MEK2
NCT00237575,DNA
NCT00237575,RNR
NCT00237575,CSF-2R
NCT00237575,CSF-3R
NCT01058538,EDB-FN
NCT01058538,IL-2R
NCT03362684,EGFR
NCT00240682,EGFR
NCT00310050,DHFR
NCT00310050,GART
NCT00310050,TYMS
NCT02013817,CD20
NCT02013817,DNA polymerase III
NCT02013817,RNR
NCT02013817,RNA polymerase II
NCT02013817,DNA
NCT00121225,HDAC
NCT00248404,TYMS
NCT00250419,CEA
NCT00250419,HER2
NCT00288925,CCKBR
NCT00376740,Bone resorption factor
NCT00376740,FDPS
NCT00532285,TUBB1
NCT00532285,DNA
NCT00532285,RNR
NCT00129571,PDGFRβ
NCT00129571,c-Kit
NCT00129571,VEGFR2
NCT00207077,EGFR
NCT00207077,EGFR L858R
NCT00207077,EGFR-Ex19del
NCT00361088,Proteasome
NCT00361088,Ftase
NCT02182050,EP4
NCT00100945,EGFR
NCT00138177,DNA
NCT00138177,HDAC
NCT00138177,TYMS
NCT00176748,Protein-tyrosine kinases
NCT00176748,VEGFR1
NCT00176748,VEGFR2
NCT00176748,VEGFR3
NCT00196820,TYMS
NCT00271804,Proteasome
NCT00398554,DNA
NCT00398554,TOP2
NCT00398554,GR
NCT00544986,aromatase
NCT00217711,TYMS
NCT00217711,DNA
NCT00295971,DNA
NCT00083083,DNA
NCT00083083,TUBB1
NCT00083083,TOP2
NCT00101270,DNA
NCT00106262,Proteasome
NCT00106262,TOP1
NCT00121602,EPO receptor
NCT00191854,DNA
NCT00191854,RNR
NCT00191854,TUBB1
NCT00142415,CAIX
NCT00806923,DNA
NCT00806923,RNR
NCT00806923,VEGF-A
NCT00147901,CD52
NCT00147901,DNA
NCT00147901,DNA polymerase III
NCT00147901,RNR
NCT00147901,RNA polymerase II
NCT00874978,IFNγ
NCT00874978,CK1α
NCT00874978,CRBN
NCT00874978,IKZF1
NCT00874978,IL-2
NCT00874978,IL-6
NCT00874978,TNF-α
NCT00874978,IKZF3
NCT00216437,TYMS
NCT00041262,DNA
NCT00041262,TYMS
NCT00096135,CSF-3R
NCT00096135,DNA
NCT00096135,DNA-directed DNA polymerase
NCT00096135,GR
NCT00096135,TOP2
NCT00096135,HPRT1
NCT00096135,DHFR
NCT00096135,ASN
NCT00155259,TUBB1
NCT00155259,DNA
NCT00155259,TYMS
NCT00088556,DNA
NCT00088556,TUBB1
NCT00093730,EGFR
NCT00093730,HER2
NCT00227682,RARα
NCT00227682,GR
NCT00227682,AGP1
NCT00227682,AGP2
NCT00227682,CRBN
NCT00227682,IKZF1
NCT00227682,SALL4
NCT00227682,TNF
NCT00227682,IKZF3
NCT00085462,IL-2R
NCT00085462,CSF-3R
NCT00085462,DNA
NCT00245089,DNA
NCT02461121,CaN
NCT02461121,IMPDH
NCT02461121,DNA-directed DNA polymerase
NCT02461121,DNA polymerase III
NCT02461121,RNR
NCT02461121,RNA polymerase II
NCT02461121,DNA
NCT00159445,DNA
NCT00159445,RNR
NCT00159445,TYMS
NCT00080990,CDK9
NCT00080990,TYMS
NCT00080990,DNA
NCT00072670,DNA
NCT00077025,EGFR
NCT00077025,aromatase
NCT00077493,CD22
NCT00077493,EEF2
NCT00191477,DNA
NCT00191477,RNR
NCT00426101,GR
NCT00426101,TOP2
NCT00426101,CaN
NCT00426101,DHFR
NCT02494596,TYMS
NCT02494596,HER2
NCT00226798,TYMS
NCT00617968,TUBB1
NCT00069160,TUBB1
NCT00069160,P-gp
NCT00086931,TYMS
NCT00086931,DNA
NCT00504660,TYMS
NCT00504660,COX-2
NCT00504660,DNA
NCT00489983,DHFR
NCT00489983,GART
NCT00489983,TYMS
NCT00489983,DNA
NCT00489983,RNR
NCT00061958,RARα
NCT00319618,EGFR
NCT00319618,TUBB1
NCT00168727,CD20
NCT00060645,mTORC1
NCT00060645,mTORC2
NCT00126269,DNA
NCT00126269,RNR
NCT00488709,TOP1
NCT00488709,DNA polymerase III
NCT00488709,RNR
NCT00488709,RNA polymerase II
NCT00488709,DNA-directed DNA polymerase
NCT01085058,CSF-3R
NCT00193479,DNA
NCT00193479,TOP2
NCT00193479,TUBB1
NCT00193479,GR
NCT00193479,CD20
NCT00431561,TGF-B2 mRNA
NCT00431561,DNA
NCT00431561,TUBB1
NCT00060567,DCAF15
NCT00060567,RBM39
NCT00060567,TOP1
NCT00071955,CSF-2R
NCT00122499,PDE5A
NCT00334295,ER
NCT00058006,COX-2
NCT00047242,PDK1
NCT00047242,Chk1
NCT00047242,PKC
NCT00448643,DNA
NCT00448643,TUBB1
NCT00044525,TUBB1
NCT00256230,ALDH2
NCT00024310,Folate receptor
NCT00024310,Enzymes
NCT00024310,TUBB1
NCT00030069,VDR
NCT00030069,GR
NCT00050843,AGP1
NCT00050843,AGP2
NCT00050843,CRBN
NCT00050843,IKZF1
NCT00050843,SALL4
NCT00050843,TNF
NCT00050843,IKZF3
NCT00403624,DNA
NCT00586898,GnRHR
NCT00586898,C14DM
NCT00586898,AR
NCT00586898,ER
NCT00014118,DNA
NCT00014118,TUBB1
NCT00027742,IFNAR
NCT00027742,DNA
NCT00211198,IL2RA
NCT00014690,L-type calcium channel
NCT00550784,CSF-3R
NCT00550784,DNA
NCT00550784,TUBB1
NCT00006257,TUBB1
NCT00006257,VEGFR2
NCT00006484,DNA
NCT00006484,TUBB1
NCT00006484,TOP2
NCT00004208,CaN
NCT00008294,GR
NCT00008294,TYMS
NCT00008294,DNA
NCT00006107,TUBB1
NCT00006122,DNA-directed DNA polymerase
NCT00006122,TOP2
NCT00006122,DNA
NCT00006122,CD33
NCT00006120,TUBB1
NCT00015821,AGP1
NCT00015821,AGP2
NCT00015821,CRBN
NCT00015821,IKZF1
NCT00015821,SALL4
NCT00015821,TNF
NCT00015821,IKZF3
NCT00005858,Lewis-Y antigen
NCT01122121,AR
NCT01663714,DNA
NCT01663714,TUBB1
NCT01663714,GR
NCT01663714,CD20
NCT00022932,CD20
NCT01225874,ASN
NCT01225874,DNA-directed DNA polymerase
NCT01225874,GR
NCT01225874,DHFR
NCT00004172,CSF-3R
NCT00004172,DNA
NCT00004173,DNA
NCT00004173,TUBB1
NCT00003810,TUBB1
NCT00563862,DNA
NCT00563862,TYMS
NCT00004158,DNA
NCT00003645,AR
NCT00003664,IL-2R
NCT00003664,IFNAR
NCT00003664,TYMS
NCT00003682,GR
NCT00004202,DNA
NCT00004202,Sickle haemoglobin
NCT00004202,TUBB1
NCT00003463,DNA
NCT00003239,IFNAR
NCT00003239,DNA-directed DNA polymerase
NCT00003239,80s ribosome
NCT00003210,Cytokines
NCT00003193,TNSALP
NCT00003193,TUBB1
NCT00003128,CSF-3R
NCT00003128,DNA
NCT00003128,TUBB1
NCT00004162,CSF-2R
NCT00004162,DHFR
NCT00004162,DNA
NCT00004162,TOP2
NCT00001626,DNA
NCT00001626,CaN
NCT00003261,DHFR
NCT00003261,RT
NCT00019214,IL-2R
NCT00154726,TUBB1
NCT00003495,Ras
NCT00003495,p53
NCT00001449,DNA
NCT00001449,RNR
NCT00001449,TYMS
NCT00002865,CSF-3R
NCT00002865,DNA
NCT00002865,DNA-directed DNA polymerase
NCT00002865,GR
NCT00002865,TOP2
NCT00002865,DHFR
NCT00869284,DNA
NCT00869284,TOP2
NCT00869284,TUBB1
NCT00869284,GR
NCT00869284,DNA-directed DNA polymerase
NCT00002551,TYMS
NCT00003364,DNA
NCT00003364,TOP2
NCT00002844,DNA
NCT00002456,CaN
NCT00002456,DHFR
NCT00000660,TOP2
NCT00002003,TOP2
NCT00041691,CEA
NCT00365755,DNA
NCT00365755,TOP2
NCT01410708,BCR-ABL1
NCT01410708,EphA2
NCT01410708,FYN
